ID,Category,Task,Frameworks,Status,Priority,Owner,Evidence link,Target date
F1,Programme & governance,Appoint ISMS/compliance owner and executive sponsor,SOC 2; ISO 27001; ISO 42001,Not started,P1,CEO/CTO,,
F2,Programme & governance,"Define scope & system boundary (product, environments, data, people, third parties)",SOC 2; ISO 27001; ISO 42001,Not started,P1,CTO,,
F3,Programme & governance,Choose GRC tooling (Vanta/Drata/Secureframe) to automate evidence,SOC 2; ISO 27001; ISO 42001,Not started,P1,CTO,,
F4,Programme & governance,Select assessors: SOC 2 CPA firm; ISO 27001 & 42001 certification body,SOC 2; ISO 27001; ISO 42001,Not started,P2,CEO,,
F5,Programme & governance,Stand up security steering group + recurring management review,SOC 2; ISO 27001; ISO 42001,Not started,P2,CTO,,
F6,Policies,Information Security Policy (management-approved),SOC 2; ISO 27001; ISO 42001,Not started,P1,Compliance,,
F7,Policies,"Acceptable Use, Access Control, Password/Authentication policies",SOC 2; ISO 27001; ISO 42001,Not started,P1,Compliance,,
F8,Policies,"Data Classification, Retention & Disposal policy",SOC 2; ISO 27001; ISO 42001,Not started,P1,Compliance,,
F9,Policies,Risk Management policy & methodology,SOC 2; ISO 27001; ISO 42001,Not started,P1,Compliance,,
F10,Policies,"Incident Response policy & plan (roles, severities, timelines)",SOC 2; ISO 27001; ISO 42001,Not started,P1,CTO,,
F11,Policies,Business Continuity & Disaster Recovery policy + plan,SOC 2; ISO 27001; ISO 42001,Not started,P2,CTO,,
F12,Policies,"Change Management policy (SDLC, code review, approvals, release)",SOC 2; ISO 27001; ISO 42001,Partial,P2,CTO,,
F13,Policies,Vendor / third-party management policy,SOC 2; ISO 27001; ISO 42001,Not started,P2,Compliance,,
F14,Policies,"HR security policy (screening, onboarding, offboarding, disciplinary)",SOC 2; ISO 27001; ISO 42001,Not started,P2,HR,,
F15,Policies,Cryptography / key-management policy,SOC 2; ISO 27001; ISO 42001,Not started,P2,CTO,,
F16,Policies,Secure development policy & guidelines,SOC 2; ISO 27001; ISO 42001,Partial,P2,CTO,,
F17,Risk & assets,"Asset inventory (systems, data stores, endpoints, SaaS, repos, domains)",SOC 2; ISO 27001; ISO 42001,Not started,P1,CTO,,
F18,Risk & assets,Data map / data-flow diagram incl. personal data + AI data,SOC 2; ISO 27001; ISO 42001,Not started,P1,CTO,,
F19,Risk & assets,"Risk assessment: identify, analyse, evaluate risks",SOC 2; ISO 27001; ISO 42001,Not started,P1,Compliance,,
F20,Risk & assets,Risk treatment plan (accept/mitigate/transfer/avoid) w/ owners & dates,SOC 2; ISO 27001; ISO 42001,Not started,P1,Compliance,,
F21,Risk & assets,"Vendor risk register & due diligence (Supabase, Render, Vercel, Resend, AI)",SOC 2; ISO 27001; ISO 42001,Not started,P2,Compliance,,
F22,People & ops,Background checks/screening for staff with production access,SOC 2; ISO 27001; ISO 42001,Not started,P2,HR,,
F23,People & ops,Security-awareness training for all staff + completion evidence,SOC 2; ISO 27001; ISO 42001,Not started,P1,HR,,
F24,People & ops,Onboarding & offboarding checklists (grant/revoke within SLA),SOC 2; ISO 27001; ISO 42001,Not started,P1,HR/CTO,,
F25,People & ops,Quarterly user access reviews (least privilege),SOC 2; ISO 27001; ISO 42001,Not started,P1,CTO,,
F26,People & ops,Centralised logging & monitoring with security alerting,SOC 2; ISO 27001; ISO 42001,Partial,P1,CTO,,
F27,People & ops,Vulnerability management: dependency scanning + patch cadence,SOC 2; ISO 27001; ISO 42001,Not started,P1,CTO,,
F28,People & ops,Annual external penetration test,SOC 2; ISO 27001; ISO 42001,Not started,P2,CTO,,
F29,People & ops,Backup & restore procedure + periodic restore tests,SOC 2; ISO 27001; ISO 42001,Partial,P2,CTO,,
F30,People & ops,Internal audit of the management system before external audit,SOC 2; ISO 27001; ISO 42001,Not started,P2,Compliance,,
S1,SOC 2,"CC1 Control Environment: org chart, roles, code of conduct, oversight",SOC 2,Not started,P2,CEO,,
S2,SOC 2,CC2 Communication: security commitments published to staff & customers,SOC 2,Not started,P2,Compliance,,
S3,SOC 2,"CC3 Risk Assessment: formal, documented, refreshed annually",SOC 2,Not started,P1,Compliance,,
S4,SOC 2,CC4 Monitoring: continuous control monitoring + periodic evaluations,SOC 2,Partial,P2,CTO,,
S5,SOC 2,"CC5 Control Activities: controls mapped to risks, documented",SOC 2,Not started,P2,Compliance,,
S6,SOC 2,"CC6 Logical & Physical Access: MFA, RBAC, provisioning, encryption, isolation",SOC 2,Partial,P1,CTO,,
S7,SOC 2,"CC7 System Operations: monitoring, incident detection & response, change tracking",SOC 2,Partial,P1,CTO,,
S8,SOC 2,"CC8 Change Management: SDLC controls, approvals, testing, rollback",SOC 2,Partial,P2,CTO,,
S9,SOC 2,"CC9 Risk Mitigation: vendor risk, business disruption, insurance",SOC 2,Not started,P2,Compliance,,
S10,SOC 2,Decide category scope (Security + Availability + Confidentiality),SOC 2,Not started,P1,CTO,,
S11,SOC 2,Draft the System Description narrative,SOC 2,Not started,P2,Compliance,,
S12,SOC 2,Readiness assessment / gap analysis with CPA firm,SOC 2,Not started,P2,Compliance,,
S13,SOC 2,Type I audit (design at a point in time),SOC 2,Not started,P2,External,,
S14,SOC 2,Operate controls + collect evidence over 6-12 month window,SOC 2,Not started,P3,All,,
S15,SOC 2,Type II audit & report; plan annual renewal,SOC 2,Not started,P3,External,,
I1,ISO 27001,"Clause 4 Context: interested parties, ISMS scope statement",ISO 27001,Not started,P1,Compliance,,
I2,ISO 27001,"Clause 5 Leadership: policy, roles, management commitment",ISO 27001,Not started,P1,CEO,,
I3,ISO 27001,"Clause 6 Planning: risk assessment & treatment, ISMS objectives",ISO 27001,Not started,P1,Compliance,,
I4,ISO 27001,Statement of Applicability (SoA) across all 93 Annex A controls,ISO 27001,Not started,P1,Compliance,,
I5,ISO 27001,"Clause 7 Support: resources, competence, awareness, documented info",ISO 27001,Not started,P2,Compliance,,
I6,ISO 27001,Clause 8 Operation: execute the risk treatment plan,ISO 27001,Not started,P2,CTO,,
I7,ISO 27001,"Clause 9 Performance: metrics, internal audit, management review",ISO 27001,Not started,P2,Compliance,,
I8,ISO 27001,"Clause 10 Improvement: nonconformities, corrective actions",ISO 27001,Not started,P3,Compliance,,
I9,ISO 27001,Annex A.5 Organizational (37 controls),ISO 27001,Partial,P2,Compliance,,
I10,ISO 27001,Annex A.6 People (8 controls),ISO 27001,Not started,P2,HR,,
I11,ISO 27001,Annex A.7 Physical (14 controls) - document cloud responsibility split,ISO 27001,Partial,P3,CTO,,
I12,ISO 27001,Annex A.8 Technological (34 controls),ISO 27001,Partial,P1,CTO,,
I13,ISO 27001,Cryptography & key management formalised (A.8.24) + secrets rotation,ISO 27001,Not started,P1,CTO,,
I14,ISO 27001,Secure development lifecycle evidence (A.8.25-A.8.31),ISO 27001,Partial,P2,CTO,,
I15,ISO 27001,Logging monitored & tamper-protected (A.8.15-A.8.16),ISO 27001,Partial,P1,CTO,,
I16,ISO 27001,Run ISMS ~3 months before Stage 2,ISO 27001,Not started,P2,Compliance,,
I17,ISO 27001,Internal audit + management review complete,ISO 27001,Not started,P2,Compliance,,
I18,ISO 27001,Stage 1 audit (documentation review),ISO 27001,Not started,P2,External,,
I19,ISO 27001,Stage 2 audit; close nonconformities,ISO 27001,Not started,P3,External,,
I20,ISO 27001,Certificate issued (3-yr cycle) + annual surveillance,ISO 27001,Not started,P3,External,,
A1,ISO 42001,Define AI policy and organisation's role (provider vs deployer),ISO 42001,Not started,P1,CTO,,
A2,ISO 42001,"AI system inventory: features, models/providers, purposes",ISO 42001,Not started,P1,CTO,,
A3,ISO 42001,"AI risk assessment: misuse, bias, harmful output, hallucination",ISO 42001,Not started,P1,CTO,,
A4,ISO 42001,AI system impact assessment (AIA) incl. dual-use of phishing content,ISO 42001,Not started,P1,CTO,,
A5,ISO 42001,AIMS objectives + acceptable-use boundaries for generated content,ISO 42001,Not started,P2,CTO,,
A6,ISO 42001,"Data governance for AI: sources, quality, data sent to providers",ISO 42001,Not started,P1,CTO,,
A7,ISO 42001,Human oversight/guardrails on AI-generated lures & narratives,ISO 42001,Partial,P1,CTO,,
A8,ISO 42001,Transparency: disclose where/how AI is used to customers,ISO 42001,Not started,P2,Compliance,,
A9,ISO 42001,"AI lifecycle: model selection, change control, evaluation, drift monitoring",ISO 42001,Not started,P2,CTO,,
A10,ISO 42001,"Third-party AI governance: DPAs/terms, retention & training-use review",ISO 42001,Not started,P1,Compliance,,
A11,ISO 42001,Misuse guardrails + logging for generated phishing content,ISO 42001,Partial,P1,CTO,,
A12,ISO 42001,AI-specific incident handling added to IR plan,ISO 42001,Not started,P2,CTO,,
A13,ISO 42001,Internal audit + management review of the AIMS,ISO 42001,Not started,P2,Compliance,,
A14,ISO 42001,Stage 1 & Stage 2 certification audit (share with 27001),ISO 42001,Not started,P3,External,,
A15,ISO 42001,Certificate issued (3-yr cycle) + annual surveillance,ISO 42001,Not started,P3,External,,
T1,Technical,"MFA (TOTP), enforced for staff",SOC 2; ISO 27001; ISO 42001,Done,-,CTO,,
T2,Technical,RBAC + generated authorization matrix,SOC 2; ISO 27001; ISO 42001,Done,-,CTO,,
T3,Technical,"Query-layer multi-tenant isolation (fail-closed, regression-guarded)",SOC 2; ISO 27001; ISO 42001,Done,-,CTO,,
T4,Technical,Authentication & privileged-access audit logging,SOC 2; ISO 27001; ISO 42001,Done,-,CTO,,
T5,Technical,Rate limiting & account lockout,SOC 2; ISO 27001; ISO 42001,Done,-,CTO,,
T6,Technical,TLS in transit; encryption at rest via managed providers,SOC 2; ISO 27001; ISO 42001,Partial,P2,CTO,,
T7,Technical,Rotate exposed Supabase DB password (leaked credential) [deferred to end of test phase],SOC 2; ISO 27001; ISO 42001,Not started,P1,CTO,,
T8,Technical,Audit log tamper-evidence (hash chain / WORM),SOC 2; ISO 27001; ISO 42001,Not started,P1,CTO,,
T9,Technical,"Finish data-export/access audit coverage (risk CSV, cert PDF, credential views)",SOC 2; ISO 27001; ISO 42001,Partial,P1,CTO,,
T10,Technical,Postgres Row-Level Security as data-tier isolation backstop,SOC 2; ISO 27001; ISO 42001,Not started,P1,CTO,,
T11,Technical,Define & enforce audit-log retention (~13 months),SOC 2; ISO 27001; ISO 42001,Not started,P2,CTO,,
T12,Technical,Dependency/vulnerability scanning in CI + patch cadence,SOC 2; ISO 27001; ISO 42001,Not started,P1,CTO,,
